id_estacio,nom_districte,lat,lon,slots_mesurats,capacitat_mitja,pct_buida,pct_plena,pct_problema
568,Sarrià-Sant Gervasi,41.4134658326881,2.13520478647346,4240,23.1,58.11,0.0,58.11
582,Horta-Guinardó,41.4250608907384,2.14117169130441,5007,30.5,56.68,0.0,56.68
553,Gràcia,41.4005123,2.1518158,6247,29.1,54.35,1.2,56.67
597,Eixample,41.3959653,2.1635462,3788,26.6,55.02,0.24,55.25
561,Les Corts,41.3900749643978,2.12649638895492,4428,23.2,53.88,0.0,53.88
554,Sarrià-Sant Gervasi,41.3957844,2.1468644,3676,21.7,53.07,0.0,53.07
569,Sarrià-Sant Gervasi,41.410472,2.131204,6056,27.4,48.79,0.0,48.79
577,Horta-Guinardó,41.4237747,2.1546161,3662,22.1,47.82,0.0,47.82
600,Eixample,41.39187,2.16202,6625,22.6,43.67,3.02,47.31
513,Sarrià-Sant Gervasi,41.399017,2.124329,63797,26.4,47.06,0.05,47.13
563,Les Corts,41.38952,2.13862,3207,23.5,45.49,0.0,45.49
32,Ciutat Vella,41.3736911,2.188928,63874,14.3,21.27,23.53,44.9
547,Eixample,41.38997,2.15772,6641,21.8,43.8,0.15,43.95
581,Horta-Guinardó,41.426778,2.138417,5974,27.9,43.66,0.0,43.66
599,Eixample,41.3950976,2.1666929,6305,21.4,42.7,0.38,43.08
598,Eixample,41.395821,2.16728,5993,21.1,42.63,0.2,42.83
66,Eixample,41.3893222,2.1678388,63267,14.4,26.18,14.86,41.07
88,Eixample,41.3936144,2.1507739,64144,17.7,38.29,2.29,40.68
92,Eixample,41.3938861,2.1601641,63961,16.6,35.59,5.0,40.6
595,Eixample,41.394576,2.169295,6010,14.4,40.27,0.13,40.4
107,Sarrià-Sant Gervasi,41.3982304,2.1531031,64032,17.3,37.31,1.87,39.28
227,Gràcia,41.4078456,2.1586704,64075,15.6,32.67,6.46,39.27
602,Eixample,41.4081139,2.176757,6326,18.0,36.2,2.96,39.16
305,Les Corts,41.3875297,2.1237141,64165,25.7,35.39,3.28,38.67
573,Horta-Guinardó,41.4249916795074,2.14819656044664,3301,19.5,38.38,0.0,38.38
328,Sarrià-Sant Gervasi,41.402988,2.1344691,64104,25.7,38.15,0.01,38.23
228,Gràcia,41.4068417,2.1558354,64110,19.3,36.4,1.27,37.84
102,Sarrià-Sant Gervasi,41.392567,2.1422174,64114,23.0,36.81,0.91,37.75
334,Sarrià-Sant Gervasi,41.400793,2.122889,63915,24.2,36.92,0.54,37.48
106,Gràcia,41.4055198,2.1622548,61444,16.7,34.8,2.5,37.33
287,Eixample,41.3890626,2.1679313,61725,14.3,24.41,12.83,37.24
501,Sarrià-Sant Gervasi,41.4052698,2.1420204,64099,14.7,35.78,0.62,36.4
333,Sarrià-Sant Gervasi,41.3954723,2.1250451,64120,25.4,36.22,0.05,36.34
327,Sarrià-Sant Gervasi,41.4050074,2.134603,64090,22.8,36.27,0.04,36.31
99,Sants-Montjuïc,41.3808222,2.141539,64131,19.9,30.06,6.24,36.3
497,Sarrià-Sant Gervasi,41.4095489,2.1360313,63794,25.4,36.21,0.03,36.28
498,Gràcia,41.4144967,2.1402433,63843,25.2,36.17,0.07,36.24
284,Les Corts,41.389462,2.1314948,64094,26.2,34.32,1.88,36.2
511,Gràcia,41.4006862,2.1543317,63688,17.8,34.82,1.25,36.08
220,Sarrià-Sant Gervasi,41.3960982,2.1513154,63947,23.5,32.73,3.2,35.95
31,Ciutat Vella,41.3748001,2.1889045,63865,16.0,10.21,25.55,35.8
330,Sarrià-Sant Gervasi,41.401883,2.131524,63837,26.2,35.77,0.02,35.79
108,Gràcia,41.4022081,2.1649035,63712,18.3,32.33,3.31,35.66
507,Horta-Guinardó,41.4107641,2.1640965,63917,22.3,33.81,1.67,35.49
337,Sarrià-Sant Gervasi,41.3986238,2.1204941,64153,22.2,35.29,0.05,35.34
509,Gràcia,41.3989713,2.1606736,57376,26.5,34.44,0.12,34.72
90,Eixample,41.388296,2.150878,64082,15.7,33.82,0.85,34.68
494,Eixample,41.3896967,2.1652199,63668,22.6,26.44,8.18,34.62
325,Sarrià-Sant Gervasi,41.3949601,2.1302775,63499,22.2,34.35,0.08,34.43
221,Gràcia,41.4025392,2.1524704,63637,21.1,33.46,0.94,34.41
596,Eixample,41.392639960504,2.1696469558197,6303,21.8,32.95,1.17,34.14
422,Les Corts,41.3881175,2.1154135,64158,27.6,29.74,4.34,34.13
329,Sarrià-Sant Gervasi,41.4029965,2.1283866,64105,26.2,32.95,0.73,33.7
331,Sarrià-Sant Gervasi,41.3970497,2.1279409,64108,29.9,33.62,0.01,33.68
604,Eixample,41.4079467,2.1748603,6571,27.2,33.02,0.46,33.51
572,Horta-Guinardó,41.4341809929127,2.15187841563274,3517,23.8,33.27,0.0,33.27
506,Horta-Guinardó,41.4191957,2.1718497,64021,13.3,25.8,7.38,33.27
215,Sarrià-Sant Gervasi,41.3939378,2.1380304,64155,19.2,32.75,0.49,33.24
217,Sarrià-Sant Gervasi,41.3985735,2.1440826,64187,25.5,32.98,0.06,33.05
320,Sarrià-Sant Gervasi,41.400305,2.149144,63450,24.9,32.53,0.23,32.8
207,Les Corts,41.3908477,2.136579,64080,22.7,29.05,3.27,32.33
324,Sarrià-Sant Gervasi,41.3969455,2.136346,64090,25.7,32.22,0.06,32.28
603,Eixample,41.4093189006091,2.17657691610016,3545,22.7,28.55,3.44,32.16
518,Horta-Guinardó,41.4246885,2.1570492,64126,26.2,32.07,0.0,32.07
433,Les Corts,41.3862258,2.1168609,63723,37.0,29.38,2.69,32.07
20,Eixample,41.410314,2.1757334,64150,16.0,24.43,7.59,32.05
503,Gràcia,41.4095926,2.1524953,64116,28.0,31.59,0.09,31.83
431,Les Corts,41.383467,2.122175,54534,19.7,31.19,0.51,31.7
74,Les Corts,41.3900085,2.1432105,64151,13.3,29.76,1.79,31.56
335,Sarrià-Sant Gervasi,41.3935355,2.1231228,63855,25.9,31.39,0.1,31.53
322,Sarrià-Sant Gervasi,41.4009,2.13892,64170,22.5,31.47,0.03,31.5
476,Horta-Guinardó,41.422037,2.174401,64175,16.8,26.92,4.49,31.43
504,Gràcia,41.4092333,2.1557747,64050,26.4,30.56,0.43,31.38
502,Gràcia,41.4074444,2.1492066,64112,16.6,30.25,1.05,31.3
123,Eixample,41.3988184485363,2.16673522491668,63084,18.1,30.19,1.01,31.24
101,Sarrià-Sant Gervasi,41.392878,2.143411,64031,21.9,30.09,1.07,31.16
214,Sarrià-Sant Gervasi,41.3952027,2.1334873,64149,24.1,31.11,0.02,31.13
68,Eixample,41.3953894,2.1572953,63780,23.6,28.95,1.98,30.94
226,Gràcia,41.4035608,2.1609345,63748,23.7,28.86,1.66,30.89
326,Sarrià-Sant Gervasi,41.4074131,2.1381069,63889,30.6,30.85,0.03,30.88
229,Gràcia,41.4050968,2.1569161,61426,25.0,29.81,0.98,30.79
332,Sarrià-Sant Gervasi,41.3998981,2.1281922,64129,26.5,30.62,0.06,30.69
222,Gràcia,41.4013296,2.1574439,61557,23.4,29.57,1.02,30.68
80,Eixample,41.389668,2.1599078,64089,17.2,23.94,6.61,30.59
432,Les Corts,41.3847061,2.1170751,63981,26.8,29.36,1.22,30.58
223,Gràcia,41.3983444,2.1598243,64088,32.7,30.17,0.38,30.57
512,Sarrià-Sant Gervasi,41.4000778,2.1326911,64167,26.1,30.33,0.02,30.36
27,Eixample,41.3967524,2.1646338,64072,17.8,28.95,1.38,30.33
64,Eixample,41.387493,2.1690686,63343,20.0,18.59,11.71,30.31
539,Sants-Montjuïc,41.3721749,2.1602153,22307,14.5,19.74,10.35,30.09
357,Gràcia,41.4105956,2.1579897,64107,23.9,28.14,1.52,29.69
216,Sarrià-Sant Gervasi,41.3967824,2.1445567,64015,25.1,29.49,0.04,29.57
61,Eixample,41.39352,2.166797,63784,18.3,24.99,4.49,29.49
505,Horta-Guinardó,41.4145614,2.1658677,64124,25.2,28.67,0.31,29.01
321,Sarrià-Sant Gervasi,41.4031529,2.1445843,64098,24.1,28.49,0.49,29.01
109,Eixample,41.3912605,2.1476308,64062,21.8,28.39,0.43,28.97
65,Eixample,41.387696,2.1696543,63531,18.6,12.18,16.64,28.85
356,Horta-Guinardó,41.4134503,2.1631012,63292,28.5,27.17,1.67,28.84
336,Sarrià-Sant Gervasi,41.3948771,2.1205394,64090,24.6,28.66,0.18,28.83
28,Eixample,41.4055143,2.1706498,64110,20.8,26.57,2.18,28.76
21,Eixample,41.4108439,2.1740575,64104,19.2,25.19,3.42,28.65
493,Gràcia,41.419965,2.1401823,63439,23.0,28.15,0.13,28.63
203,Les Corts,41.3887069,2.1285766,64121,30.9,27.0,1.57,28.58
430,Les Corts,41.385641,2.113096,64016,26.0,25.66,2.79,28.45
201,Les Corts,41.3878061,2.1344218,63968,22.2,28.21,0.14,28.38
508,Gràcia,41.4090922,2.1656378,63837,24.8,25.53,2.81,28.35
435,Les Corts,41.383585,2.112186,64072,26.7,27.17,1.16,28.34
465,Eixample,41.3954094,2.1599427,63962,25.5,26.98,1.26,28.23
224,Eixample,41.3999967,2.1644531,64017,23.6,27.32,0.84,28.2
488,Horta-Guinardó,41.4347859,2.147904,63879,26.5,28.06,0.03,28.09
510,Gràcia,41.3989151,2.1564253,63899,23.4,27.42,0.65,28.07
500,Gràcia,41.4117633,2.1453424,59340,22.1,27.42,0.2,28.03
44,Eixample,41.4014737309554,2.1867650955646,47314,16.1,22.49,5.06,27.96
558,Horta-Guinardó,41.4209497,2.1768396,3534,35.4,27.79,0.14,27.93
206,Les Corts,41.3897943,2.1328634,63941,31.1,26.74,1.09,27.84
446,Ciutat Vella,41.3779974,2.1884228,62959,12.8,3.71,24.07,27.81
219,Sarrià-Sant Gervasi,41.3976165,2.1471724,63960,24.4,27.36,0.21,27.58
303,Les Corts,41.3934324,2.115107,64132,25.5,25.71,1.84,27.56
350,Eixample,41.391756,2.148291,64019,29.4,27.04,0.17,27.55
231,Gràcia,41.4092005,2.16400285,49598,22.2,24.87,2.57,27.44
338,Sarrià-Sant Gervasi,41.3977227,2.1194557,64158,35.2,27.41,0.02,27.43
455,Sant Martí,41.4105848,2.1826833,63706,18.9,18.14,9.25,27.43
122,Gràcia,41.4054458,2.1663172,63832,26.2,26.09,1.28,27.37
383,Sants-Montjuïc,41.381219,2.141767,63957,22.5,24.22,2.96,27.18
198,Les Corts,41.3847113,2.1334379,64085,25.3,27.04,0.04,27.07
230,Gràcia,41.4059356,2.1517977,64134,23.6,25.25,1.68,26.95
474,Nou Barris,41.4418604,2.1664224,63918,23.3,26.74,0.0,26.75
75,Eixample,41.385004,2.1429115,63922,19.6,25.99,0.48,26.74
310,Les Corts,41.3812111,2.1190863,64096,26.0,24.63,2.1,26.73
125,Ciutat Vella,41.3834753,2.194735,63895,20.3,17.16,9.37,26.68
204,Les Corts,41.3880355,2.1256248,63993,31.8,25.19,1.46,26.66
496,Eixample,41.4048623,2.174799,63071,15.2,20.93,5.59,26.54
60,Eixample,41.3902625,2.164035,63761,25.1,20.0,6.35,26.38
323,Sarrià-Sant Gervasi,41.3981616,2.1386719,64154,25.8,26.22,0.11,26.34
121,Eixample,41.4064529,2.1785364,64171,18.3,19.3,7.03,26.34
22,Eixample,41.4016969,2.175767,64140,16.6,19.85,6.42,26.28
286,Sant Martí,41.4030225,2.1913538,63924,15.4,12.44,13.8,26.25
208,Sarrià-Sant Gervasi,41.3915195,2.1390667,64131,30.9,25.51,0.36,25.88
26,Sant Martí,41.4071692,2.1820722,64118,15.8,15.46,10.39,25.86
67,Eixample,41.3852864,2.1454802,64093,22.2,25.24,0.58,25.83
98,Sants-Montjuïc,41.380595,2.1407,63659,19.1,20.12,5.44,25.75
566,Sant Martí,41.4135108,2.2093559,3324,16.0,0.78,24.91,25.69
318,Horta-Guinardó,41.412427,2.170592,63913,29.6,25.38,0.25,25.63
110,Eixample,41.3852585,2.155089,63483,19.0,24.04,1.52,25.56
277,Horta-Guinardó,41.4082107,2.1689962,64141,24.5,22.73,2.65,25.4
319,Sarrià-Sant Gervasi,41.3937414,2.1455022,64015,27.8,24.87,0.4,25.28
200,Les Corts,41.3839045,2.1312876,63688,22.5,25.02,0.24,25.27
212,Les Corts,41.3922355,2.1309272,63711,22.2,23.18,1.21,24.58
491,Horta-Guinardó,41.4306689,2.1456449,63825,26.3,24.05,0.04,24.09
304,Sarrià-Sant Gervasi,41.39038,2.121,64135,24.7,22.37,1.65,24.05
73,Eixample,41.392135,2.1563542,64043,23.9,20.87,3.09,23.98
276,Horta-Guinardó,41.4121345,2.1652216,62967,25.2,22.93,0.9,23.84
100,Sants-Montjuïc,41.379363,2.143868,64108,20.1,21.23,2.43,23.66
499,Gràcia,41.4160558,2.1421504,64149,26.0,23.58,0.02,23.6
367,Les Corts,41.384972,2.1376205,64115,29.7,23.11,0.34,23.5
97,Sants-Montjuïc,41.3779613,2.1450491,64151,19.6,22.9,0.56,23.46
374,Eixample,41.3949729,2.1612814,63726,31.0,20.75,2.62,23.37
278,Horta-Guinardó,41.4098842,2.1715285,64146,24.8,20.6,2.72,23.32
213,Sarrià-Sant Gervasi,41.3935816,2.1345892,64154,31.8,23.23,0.09,23.32
202,Les Corts,41.3854466,2.1288753,64133,25.5,23.26,0.05,23.31
484,Horta-Guinardó,41.4345997,2.1585268,63309,26.2,23.26,0.0,23.26
454,Horta-Guinardó,41.4072349,2.1684799,64141,24.9,22.1,0.97,23.19
50,Ciutat Vella,41.3751145,2.1709386,63835,15.9,7.43,15.66,23.1
72,Eixample,41.3927771,2.1586273,63925,24.7,19.92,3.16,23.08
120,Eixample,41.4047056,2.1765126,64148,19.3,20.92,2.12,23.07
197,Les Corts,41.3871579,2.1410945,64112,25.4,22.78,0.17,22.95
89,Eixample,41.3871904,2.149131,64137,24.1,22.47,0.35,22.82
302,Les Corts,41.3906352,2.111541,64144,31.5,20.44,2.31,22.75
194,Les Corts,41.3812001,2.1323612,63743,22.6,22.04,0.58,22.62
57,Ciutat Vella,41.376326,2.176971,63639,21.9,0.66,21.83,22.6
124,Ciutat Vella,41.3702483,2.1878126,63937,28.1,12.25,10.24,22.52
196,Sants-Montjuïc,41.3832609,2.1392662,64025,25.6,22.18,0.19,22.37
292,Nou Barris,41.4300161,2.1720191,64168,11.1,20.6,1.76,22.35
481,Horta-Guinardó,41.4357978,2.163872,64136,26.6,22.21,0.0,22.21
281,Horta-Guinardó,41.4180789,2.1763994,64141,22.6,20.15,1.94,22.09
293,Horta-Guinardó,41.4283127,2.1629889,63971,23.3,21.85,0.05,21.91
485,Horta-Guinardó,41.4374904,2.1565742,64123,26.0,21.85,0.03,21.88
78,Eixample,41.3856474,2.1634306,63432,25.4,19.03,2.78,21.82
471,Nou Barris,41.4389014,2.1715576,64125,23.7,21.79,0.0,21.79
379,Sants-Montjuïc,41.3829333,2.1420704,64025,19.4,21.13,0.52,21.76
36,Ciutat Vella,41.3850616,2.1766834,63873,19.4,1.39,20.33,21.73
405,Eixample,41.3854003,2.1521802,64149,24.3,21.26,0.33,21.64
205,Les Corts,41.3879413310938,2.13059591593856,63900,32.0,21.57,0.04,21.63
29,Eixample,41.401061,2.169941,64167,19.8,19.17,2.45,21.62
473,Nou Barris,41.4388644,2.1657506,64096,26.3,21.58,0.0,21.58
472,Nou Barris,41.4427374,2.170393,63952,23.4,21.56,0.01,21.58
282,Horta-Guinardó,41.4275514,2.1659881,64144,25.9,21.33,0.05,21.5
111,Eixample,41.3847528,2.1546746,64120,18.7,18.03,3.41,21.48
225,Eixample,41.3848102114671,2.15080712464522,64092,22.8,20.45,0.98,21.44
439,Sants-Montjuïc,41.3685394,2.1328403,64146,16.7,4.83,16.57,21.41
103,Sant Martí,41.410098,2.1884487,64097,19.1,18.29,2.92,21.33
519,Horta-Guinardó,41.4246548,2.166289,63910,23.1,20.96,0.17,21.2
195,Les Corts,41.3821371,2.1354149,63510,25.7,20.83,0.17,21.0
429,Les Corts,41.3881262,2.1091535,64070,26.2,19.4,1.58,20.98
62,Eixample,41.387235,2.168819,63802,23.1,15.37,5.55,20.93
25,Eixample,41.3954041,2.1681961,63538,19.3,19.19,1.7,20.91
482,Horta-Guinardó,41.4372022,2.1620235,63250,21.9,20.5,0.37,20.88
40,Ciutat Vella,41.382335,2.187093,64093,16.3,3.38,17.44,20.85
87,Eixample,41.3832398303536,2.14791630141962,60032,23.4,19.49,1.35,20.85
538,Sants-Montjuïc,41.3663147,2.1522059,22744,22.7,20.63,0.13,20.83
567,Sant Martí,41.39816,2.20085,6291,21.2,3.31,16.34,20.81
290,Nou Barris,41.4373376,2.1740962,64107,15.7,20.18,0.46,20.64
378,Ciutat Vella,41.3785379,2.1767427,64107,19.4,0.47,20.11,20.58
18,Eixample,41.4060589,2.1740472,64157,25.0,17.84,2.66,20.5
165,Sant Martí,41.3992169,2.2041415,63953,23.8,1.32,19.08,20.41
54,Ciutat Vella,41.3775319,2.1707321,64144,17.2,3.03,17.35,20.4
76,Eixample,41.3917666,2.1532163,64109,30.4,19.72,0.69,20.4
306,Les Corts,41.3853868,2.122893,64033,29.9,18.61,1.47,20.08
79,Eixample,41.385503,2.1634768,63575,21.2,16.89,3.17,20.07
394,Eixample,41.3873057,2.1631263,63825,24.8,16.69,3.24,19.94
83,Eixample,41.3821658,2.1520645,63965,20.9,14.5,5.4,19.91
386,Eixample,41.3751866,2.1568773,63987,16.2,11.14,8.71,19.88
456,Sant Martí,41.4143392,2.1874539,64147,18.4,12.83,7.0,19.83
177,Sant Martí,41.4110754,2.1809764,64054,33.4,16.31,3.46,19.77
55,Ciutat Vella,41.380195,2.1744801,47200,17.9,2.75,16.86,19.74
42,Sant Martí,41.4044068884896,2.18991788037394,63991,20.8,9.88,9.67,19.59
469,Nou Barris,41.4417001,2.1781553,63892,14.4,16.86,2.58,19.5
514,Sant Martí,41.4095069,2.1885055,64152,16.3,15.21,4.19,19.42
365,Eixample,41.3875712,2.1469336,63977,28.7,18.98,0.43,19.41
279,Horta-Guinardó,41.4158995,2.1745567,62626,24.4,17.86,1.29,19.39
468,Nou Barris,41.4480464,2.1775154,64113,17.4,19.07,0.03,19.35
477,Horta-Guinardó,41.4260751,2.1722534,64160,24.9,19.26,0.08,19.35
467,Nou Barris,41.4450463,2.176726,64118,19.5,19.27,0.05,19.32
192,Sants-Montjuïc,41.3786364,2.1335494,63891,19.3,14.68,4.57,19.25
490,Horta-Guinardó,41.4280668,2.1443777,64053,48.9,18.98,0.2,19.19
315,Sant Martí,41.4156285,2.1817876,64108,24.9,16.14,2.91,19.06
164,Sant Martí,41.4118378,2.1778852,63507,24.8,13.78,5.11,18.9
370,Eixample,41.4039698,2.1729061,64036,29.5,16.79,1.9,18.76
479,Nou Barris,41.430623,2.1671068,64114,16.9,18.19,0.52,18.71
368,Eixample,41.3968391,2.1756598,64149,25.4,18.38,0.27,18.64
114,Ciutat Vella,41.376735,2.1740082,63594,18.4,1.42,17.06,18.51
489,Horta-Guinardó,41.4312335,2.1499103,64138,26.7,18.36,0.04,18.4
283,Horta-Guinardó,41.4297231,2.1617032,64163,18.9,18.05,0.32,18.37
392,Sant Martí,41.3905303,2.1906339,63815,17.9,3.32,14.91,18.27
301,Nou Barris,41.4366871,2.1693134,64157,26.7,18.18,0.0,18.18
364,Eixample,41.393062,2.1633226,63566,30.4,10.61,7.52,18.17
185,Sants-Montjuïc,41.3703717,2.1389439,63995,15.3,5.58,12.49,18.14
291,Nou Barris,41.426078,2.1751572,63823,25.7,18.1,0.01,18.11
117,Sant Martí,41.3906051,2.1972309,64029,19.6,2.86,15.12,18.07
300,Nou Barris,41.4315843,2.1769107,64166,17.1,17.31,0.63,17.94
105,Eixample,41.389492,2.17425,63979,18.7,12.22,5.65,17.94
438,Eixample,41.3981669,2.1754896,63554,24.9,15.84,2.06,17.9
187,Ciutat Vella,41.3768806,2.1698206,64078,17.7,5.21,12.62,17.9
314,Sants-Montjuïc,41.3783067,2.1297303,63659,22.5,16.32,1.25,17.87
188,Sants-Montjuïc,41.3756948,2.1358571,64014,24.5,13.63,4.18,17.81
193,Les Corts,41.3812979,2.1289917,64094,25.2,17.27,0.32,17.78
470,Nou Barris,41.4432762,2.1746238,63843,23.3,17.71,0.04,17.76
235,Eixample,41.3751767,2.1658972,64035,22.3,5.83,11.66,17.5
33,Ciutat Vella,41.37686,2.19067,63726,19.4,2.73,14.72,17.47
412,Eixample,41.3893094,2.1727457,64134,25.2,12.95,4.51,17.45
115,Ciutat Vella,41.383597,2.184171,63262,19.4,3.12,14.25,17.42
384,Eixample,41.3807072,2.1468381,64072,23.8,16.34,0.87,17.22
421,Sants-Montjuïc,41.378118,2.1378667,63997,22.8,14.86,2.2,17.11
441,Sants-Montjuïc,41.3754426,2.1398409,63801,16.6,11.86,4.87,16.73
475,Sant Andreu,41.4216738,2.1799878,64162,17.6,15.4,1.32,16.72
280,Horta-Guinardó,41.4138664,2.1777274,64182,25.0,11.31,5.37,16.72
153,Sant Martí,41.4018686,2.20077,64048,21.0,2.99,13.64,16.65
397,Sant Martí,41.3889129,2.1993105,63725,25.6,5.71,10.9,16.61
41,Ciutat Vella,41.379326,2.189906,63801,22.7,4.34,12.23,16.58
63,Eixample,41.386543,2.169427,63884,25.5,11.77,4.73,16.5
12,Ciutat Vella,41.3833653,2.1946255,63659,24.1,8.96,7.43,16.46
189,Eixample,41.3969839,2.1661852,63557,26.5,15.88,0.54,16.42
427,Ciutat Vella,41.3754047,2.1680021,63730,23.6,6.64,9.75,16.39
239,Sant Andreu,41.4172922,2.1844769,64164,28.5,13.52,2.84,16.36
81,Eixample,41.3790718,2.1490553,64075,19.3,14.01,2.06,16.35
460,Sant Andreu,41.4513863,2.1894717,64153,14.5,16.3,0.06,16.35
209,Eixample,41.3857425,2.1610515,63819,24.8,15.08,1.26,16.34
369,Eixample,41.40013,2.1780175,63904,24.9,13.19,3.14,16.34
49,Sant Martí,41.3910756,2.1965766,63974,19.7,2.89,13.39,16.31
234,Sants-Montjuïc,41.371532,2.162203,59917,25.1,10.51,5.51,16.01
163,Sant Martí,41.3942108,2.2008756,56753,25.0,3.95,12.04,16.0
297,Nou Barris,41.4388223,2.1767828,64075,22.8,15.73,0.24,15.97
48,Sant Martí,41.3960652,2.1871959,63955,18.4,10.2,5.76,15.96
403,Sants-Montjuïc,41.3796421,2.1368202,63892,21.0,14.84,0.95,15.8
443,Eixample,41.3887127,2.1542277,64129,29.8,14.83,0.95,15.8
463,Nou Barris,41.4490679,2.1833801,63828,23.0,15.72,0.02,15.79
342,Sant Martí,41.4034967,2.1936584,63896,27.4,9.77,5.96,15.74
246,Sant Andreu,41.4228449,2.1866363,64075,15.7,12.53,3.15,15.73
373,Eixample,41.3750995,2.1613897,63693,28.2,6.11,9.5,15.62
487,Horta-Guinardó,41.4267638,2.1521909,63613,26.4,15.09,0.11,15.51
19,Eixample,41.4031491,2.1707947,63601,28.2,14.22,1.28,15.49
480,Horta-Guinardó,41.4333259,2.1629258,64111,27.4,15.44,0.02,15.46
265,Eixample,41.3847738,2.1592566,64104,25.2,14.25,1.12,15.37
385,Eixample,41.387888,2.1552902,64060,27.7,14.74,0.58,15.33
401,Ciutat Vella,41.382418,2.183723,63136,22.4,1.03,14.26,15.3
406,Eixample,41.3863747,2.1646697,64001,31.3,13.3,1.94,15.25
609,Sant Martí,41.3984589,2.1937281,6164,22.3,5.19,10.06,15.25
211,Sant Martí,41.3987543,2.1902116,64077,25.9,8.08,7.16,15.24
191,Eixample,41.381951,2.147474,57361,33.4,14.19,0.58,15.02
149,Sant Martí,41.3958685,2.192952,64054,24.7,5.68,9.33,15.02
390,Ciutat Vella,41.3869612,2.1820169,63916,22.5,2.44,12.14,14.98
199,Les Corts,41.3819739,2.1268625,64158,25.4,14.56,0.27,14.83
233,Sants-Montjuïc,41.3719688,2.1667829,64130,25.4,9.58,5.23,14.81
23,Eixample,41.3924661,2.1717397,64050,24.8,11.17,3.53,14.7
464,Nou Barris,41.439692,2.182335,64001,22.5,14.49,0.08,14.62
478,Nou Barris,41.4276076,2.1697582,64157,29.3,14.57,0.01,14.58
15,Eixample,41.3916117009235,2.16890319787512,63626,25.5,10.16,4.36,14.57
86,Eixample,41.3755747,2.1629349,63883,25.5,7.34,7.18,14.52
112,Eixample,41.3776721,2.157233,63863,18.7,9.34,5.12,14.49
395,Eixample,41.3860607,2.1702467,63591,30.4,10.18,4.31,14.49
142,Sant Martí,41.4003793,2.1924144,64108,34.3,8.01,6.16,14.28
179,Sants-Montjuïc,41.36352,2.1369015,60187,15.2,0.67,13.61,14.28
483,Horta-Guinardó,41.4294833044993,2.15908110912321,56647,27.2,14.05,0.21,14.26
295,Nou Barris,41.433384,2.1716309,64147,25.8,13.98,0.14,14.2
158,Sant Martí,41.4116634,2.2183313,64019,27.8,5.33,8.82,14.17
37,Ciutat Vella,41.380624,2.1820675,61903,22.7,1.93,12.18,14.12
294,Nou Barris,41.4363473,2.1706752,63665,23.3,14.05,0.02,14.08
376,Ciutat Vella,41.3718728,2.180302,64028,38.4,10.21,3.73,14.04
116,Ciutat Vella,41.3838369,2.1914756,64101,25.4,5.21,8.7,14.0
161,Sant Martí,41.3953011,2.1965965,64117,25.5,3.77,10.18,13.99
77,Ciutat Vella,41.3855644,2.1773214,63736,21.4,2.2,11.61,13.99
242,Sant Andreu,41.4244527,2.1773157,64109,25.3,13.47,0.39,13.89
84,Eixample,41.3830299,2.1571646,64085,24.4,11.73,1.94,13.68
288,Nou Barris,41.4296439,2.174444,64088,30.0,13.35,0.3,13.65
313,Sants-Montjuïc,41.3754188,2.1297823,64168,27.6,11.61,2.01,13.62
104,Sant Martí,41.4108005,2.1872438,64063,23.6,10.83,2.65,13.56
442,Sants-Montjuïc,41.3649272,2.138599,63898,17.2,3.15,10.27,13.42
285,Sant Andreu,41.4366708,2.186105,64110,14.5,12.42,0.95,13.4
96,Sants-Montjuïc,41.3741093,2.1481993,48381,19.7,12.19,1.2,13.39
71,Eixample,41.3819459,2.1629146,64110,19.7,8.24,5.14,13.39
4,Eixample,41.3933173,2.1812483,63960,18.9,8.28,5.03,13.39
190,Sant Martí,41.3961412,2.2078439,63402,26.7,5.96,7.36,13.32
166,Sant Martí,41.4008312,2.206645,63604,25.4,1.69,11.47,13.16
495,Eixample,41.377846,2.150523,63965,19.3,10.06,2.99,13.07
610,Sant Martí,41.3990190831577,2.1928972716948,3963,26.4,6.28,6.74,13.02
434,Sants-Montjuïc,41.3767538,2.1269152,63728,25.7,11.56,1.46,13.02
400,Ciutat Vella,41.3694508,2.1879597,63834,41.9,5.68,7.27,13.0
608,Sant Martí,41.3990872310746,2.18839414292221,3531,22.4,2.86,9.97,12.94
415,Ciutat Vella,41.3793558,2.1689592,63929,23.3,5.87,7.01,12.89
299,Nou Barris,41.4340849,2.1748267,64163,25.9,12.7,0.14,12.84
486,Horta-Guinardó,41.4306102,2.1564551,63912,27.2,12.8,0.02,12.82
148,Eixample,41.3783467,2.1633139,63830,24.9,5.33,6.77,12.73
428,Sant Martí,41.3983902,2.1960799,62910,27.6,5.29,7.37,12.67
129,Eixample,41.377046,2.16113608,63761,23.0,5.45,7.13,12.59
445,Eixample,41.3755016,2.154004,63395,22.3,7.51,5.05,12.56
186,Sants-Montjuïc,41.3755503,2.1439036,63951,24.0,10.74,1.78,12.52
173,Sant Martí,41.3979002,2.2088454,63117,25.2,5.55,6.83,12.5
9,Ciutat Vella,41.384546,2.184922,63618,25.6,1.67,10.7,12.46
564,Sants-Montjuïc,41.3744342365138,2.17486130472679,4846,26.5,0.31,12.13,12.44
152,Sant Martí,41.3993329,2.1974184,64054,27.5,5.07,7.3,12.41
241,Horta-Guinardó,41.419178,2.18018,63360,30.7,10.89,1.46,12.41
160,Sant Martí,41.4109763,2.2193724,48067,31.4,2.99,9.37,12.37
236,Eixample,41.3751161,2.1523091,64076,25.0,11.61,0.64,12.25
375,Ciutat Vella,41.3720293,2.1804468,64128,38.7,7.2,4.87,12.07
354,Sants-Montjuïc,41.3759419,2.1299539,63944,25.3,9.57,2.34,11.91
133,Sant Martí,41.4075013,2.1930174,63899,14.8,5.37,6.31,11.8
151,Sant Martí,41.4003471,2.1969105,63970,27.3,5.61,6.2,11.8
167,Sant Martí,41.4023354,2.2105777,63745,19.8,3.67,8.0,11.67
262,Eixample,41.3790954665734,2.1516210083712,64088,22.7,8.7,2.93,11.63
399,Sants-Montjuïc,41.3734706,2.1332694,64071,25.4,6.72,4.88,11.59
425,Ciutat Vella,41.3765618,2.1748621,64137,23.3,0.94,10.57,11.51
243,Sant Andreu,41.4239719,2.1812399,62471,25.3,10.93,0.56,11.5
492,Eixample,41.3943454,2.1751709,63467,21.7,9.5,1.82,11.33
544,Sants-Montjuïc,41.37049,2.148729,16281,21.7,10.23,1.01,11.26
53,Ciutat Vella,41.385086,2.174016,64041,19.4,2.45,8.78,11.25
34,Ciutat Vella,41.3871079,2.1753364,64034,19.4,2.86,8.33,11.22
417,Horta-Guinardó,41.4164824,2.1801094,63834,30.4,10.27,0.9,11.17
371,Eixample,41.4040525,2.181199,63905,33.5,6.46,4.63,11.11
448,Sant Martí,41.3972809,2.1997869,64070,25.5,2.28,8.8,11.11
409,Sant Martí,41.392384,2.1925059,63888,24.9,2.24,8.83,11.07
140,Eixample,41.3808772,2.1559939,64008,25.0,9.57,1.46,11.03
244,Sant Andreu,41.426925,2.1786224,64123,25.6,10.42,0.6,11.01
339,Sant Martí,41.4017084,2.2053803,64107,25.1,2.11,8.76,10.88
309,Les Corts,41.3770199,2.1169828,63730,20.4,9.54,1.26,10.88
526,Sants-Montjuïc,41.3683855,2.1645038,22435,26.0,10.82,0.05,10.87
95,Sants-Montjuïc,41.3763948,2.1473272,64134,31.0,9.03,1.8,10.83
126,Ciutat Vella,41.380628,2.1822815,64018,21.7,0.68,10.07,10.75
420,Sants-Montjuïc,41.3743329,2.1479385,48950,25.2,9.84,0.88,10.72
118,Sant Martí,41.39212,2.1874966,63834,24.3,2.94,7.65,10.59
311,Les Corts,41.3785631,2.1202487,64033,23.0,10.28,0.27,10.55
362,Eixample,41.396994,2.1706323,63248,29.2,8.86,1.16,10.25
353,Sants-Montjuïc,41.37541,2.1232547,63912,28.7,7.72,2.52,10.24
56,Ciutat Vella,41.3770715,2.1758261,63758,25.7,1.1,9.13,10.24
466,Nou Barris,41.443387,2.1813051,64104,29.1,9.95,0.22,10.19
135,Sant Martí,41.4120452,2.1972673,64096,19.6,7.23,2.89,10.13
14,Ciutat Vella,41.384844,2.185085,63627,26.0,2.75,7.29,10.05
232,Sants-Montjuïc,41.3744999703376,2.17302554571611,64062,25.3,1.77,8.22,9.98
113,Eixample,41.3773113,2.1646742,64064,32.0,4.83,5.07,9.92
255,Sant Andreu,41.4315,2.18579,62081,14.4,8.43,1.46,9.89
24,Eixample,41.4005784,2.1788855,63751,33.4,8.23,1.55,9.86
416,Ciutat Vella,41.3781065,2.1696744,63721,25.7,4.77,5.0,9.77
307,Les Corts,41.3791986,2.1135824,63994,30.1,9.65,0.03,9.75
396,Sant Martí,41.3890253,2.1968267,63790,30.4,1.91,7.74,9.68
240,Sant Andreu,41.4175595,2.1877153,63315,25.0,8.04,1.62,9.67
424,Ciutat Vella,41.3795862,2.1925198,62653,25.1,1.96,7.61,9.58
540,Sants-Montjuïc,41.3693483,2.1426008,22676,17.8,2.89,6.26,9.56
51,Ciutat Vella,41.3842634,2.1692556,63743,18.5,3.18,6.36,9.55
45,Sant Martí,41.391466,2.189371,64015,25.3,2.09,7.43,9.53
388,Ciutat Vella,41.3806411,2.1671611,63442,32.0,6.53,2.97,9.5
127,Sant Martí,41.4120681,2.1907524,64007,24.4,7.74,1.57,9.42
82,Eixample,41.3803180599865,2.1544371248114,63887,37.6,8.67,0.61,9.4
355,Sants-Montjuïc,41.371459,2.127854,64029,22.8,5.77,3.48,9.3
134,Sant Martí,41.4113024,2.1987258,64157,19.7,4.18,5.09,9.27
358,Ciutat Vella,41.3872437,2.1793035,64025,24.0,3.36,5.88,9.26
275,Nou Barris,41.43068,2.1821802,64130,30.4,8.93,0.14,9.1
184,Sants-Montjuïc,41.3675438,2.1342316,61692,25.7,2.32,6.74,9.09
210,Sants-Montjuïc,41.3745238,2.1422556,64152,29.7,8.41,0.67,9.08
143,Sant Martí,41.4027907,2.1956161,64108,24.7,3.19,5.88,9.07
70,Eixample,41.380393,2.1606506,63914,25.0,7.16,1.88,9.05
312,Les Corts,41.3789061,2.1233038,64130,34.3,8.57,0.23,8.8
218,Eixample,41.4040364,2.183145,64005,36.2,7.69,1.02,8.79
398,Ciutat Vella,41.380955,2.1934636,63522,33.6,1.54,7.19,8.74
382,Sant Martí,41.4038902,2.2041137,64081,24.8,2.99,5.62,8.62
273,Sant Andreu,41.4304126,2.1834174,63708,34.1,7.26,1.29,8.62
527,Sants-Montjuïc,41.3619729005392,2.15432161045075,16384,34.1,8.44,0.1,8.62
363,Eixample,41.3908381,2.1743743,64139,22.5,5.7,2.84,8.57
444,Sants-Montjuïc,41.3717304,2.1554047,63971,25.6,6.65,1.79,8.52
130,Sant Martí,41.4200135,2.2016699,64120,22.6,3.4,5.02,8.48
159,Sant Martí,41.4110822,2.2163136,63980,31.5,2.03,6.35,8.38
298,Nou Barris,41.4347233,2.1817718,64078,30.8,8.07,0.3,8.37
251,Sant Andreu,41.4253643,2.1852073,64060,31.6,8.04,0.19,8.27
162,Sant Martí,41.4038559,2.2084257,63964,25.4,2.32,5.82,8.14
69,Sant Martí,41.388507,2.195073,63698,41.2,1.77,6.34,8.11
59,Ciutat Vella,41.3813815397747,2.16807754829512,12612,20.2,2.23,5.8,8.06
85,Eixample,41.3751852,2.1592394,63890,38.3,4.03,3.93,7.97
171,Sant Martí,41.3919877,2.2037136,63651,51.3,4.25,3.7,7.96
537,Sants-Montjuïc,41.3653602,2.1476099,23055,36.9,7.6,0.35,7.95
183,Sants-Montjuïc,41.3723682,2.1419494,64046,28.9,4.88,2.91,7.87
46,Sant Martí,41.3886065969256,2.19219450845947,63810,53.3,1.1,6.67,7.78
247,Sant Andreu,41.4219291,2.1849107,64080,30.1,7.33,0.43,7.76
308,Les Corts,41.37684,2.114029,64105,25.3,7.43,0.27,7.7
380,Ciutat Vella,41.3854094,2.1740155,64126,22.9,2.17,5.53,7.7
174,Sant Martí,41.400654,2.210191,63658,25.9,1.51,6.16,7.67
91,Eixample,41.3812504,2.1594741,63822,33.3,6.81,0.85,7.66
30,Eixample,41.4021805,2.1829894,63943,27.2,6.92,0.73,7.64
150,Sant Martí,41.4065912,2.203028,64022,25.2,3.91,3.7,7.61
316,Sant Martí,41.4224015,2.198071,63806,24.6,4.24,3.36,7.6
138,Sant Martí,41.4167933,2.2058345,64119,19.9,4.43,3.11,7.54
94,Eixample,41.3757914,2.1499102,62638,44.9,6.59,0.91,7.54
178,Sant Martí,41.4053649,2.2162094,63152,25.7,1.72,5.81,7.53
451,Sant Martí,41.4140598,2.2150487,64024,23.1,1.34,6.15,7.49
402,Ciutat Vella,41.380628,2.1821917,64065,29.6,1.49,5.99,7.48
39,Ciutat Vella,41.381046,2.186576,62962,42.0,0.57,6.86,7.43
413,Eixample,41.393489,2.1707419,64178,30.5,5.45,1.94,7.39
393,Sant Martí,41.4022657,2.1976297,63944,29.6,2.0,5.31,7.32
261,Eixample,41.3821314,2.1606534,63896,30.9,6.83,0.48,7.31
11,Ciutat Vella,41.382398,2.194294,63570,33.1,2.39,4.82,7.3
410,Ciutat Vella,41.376433,2.17871,64093,36.9,0.32,6.97,7.29
13,Sant Martí,41.388143,2.195551,63596,52.3,2.57,4.67,7.24
157,Sant Martí,41.4132316,2.2177652,64145,31.8,0.7,6.51,7.21
404,Sants-Montjuïc,41.3653426,2.1331357,62783,30.5,1.72,5.44,7.17
296,Nou Barris,41.4364887,2.1841014,63997,31.5,6.98,0.16,7.17
360,Eixample,41.3952527,2.1730023,64139,28.2,6.29,0.81,7.11
250,Sant Andreu,41.4258248,2.191206,64153,25.4,4.81,2.19,7.05
387,Eixample,41.3957813,2.1787074,64149,30.6,6.86,0.18,7.04
2,Eixample,41.3954877,2.1771985,64118,27.0,6.39,0.53,7.01
436,Sants-Montjuïc,41.3545425,2.1433038,64051,18.4,1.63,5.37,7.0
361,Ciutat Vella,41.37652,2.17881,64109,31.2,0.23,6.71,6.99
47,Sant Martí,41.3902194,2.1904003,63590,45.6,2.47,4.5,6.97
168,Sant Martí,41.4053697,2.2135818,63187,25.1,1.24,5.68,6.97
7,Ciutat Vella,41.388885,2.18329,63410,25.8,2.44,4.51,6.95
462,Nou Barris,41.446923,2.184857,63763,27.7,6.9,0.05,6.95
411,Sant Martí,41.411381,2.2122054,64131,22.7,1.5,5.37,6.92
348,Sants-Montjuïc,41.357067,2.141563,64015,31.5,2.41,4.43,6.92
144,Sant Martí,41.4056269,2.1977119,63989,25.0,2.72,4.15,6.88
254,Sant Andreu,41.4299999,2.190246,64156,24.6,3.51,3.27,6.79
154,Sant Martí,41.4026275,2.2017694,63995,30.0,1.7,5.06,6.75
132,Sant Martí,41.4084796,2.192042,60101,25.0,3.34,2.66,6.66
408,Sant Martí,41.3889972,2.1923283,63650,38.0,2.16,4.49,6.65
461,Nou Barris,41.442489,2.185727,64069,26.4,6.53,0.05,6.58
440,Sant Martí,41.417694,2.1976864,64117,25.2,2.87,3.64,6.53
156,Sant Martí,41.4091355,2.2088179,64085,25.4,2.66,3.84,6.52
238,Sant Andreu,41.4158807,2.1908473,63986,25.5,5.18,1.33,6.5
182,Sants-Montjuïc,41.371366,2.143565,64112,31.0,3.15,3.32,6.47
359,Ciutat Vella,41.3900544,2.1775594,64150,23.9,3.36,3.09,6.46
3,Eixample,41.3941557,2.1813305,64159,25.4,4.65,1.75,6.41
1,Eixample,41.3979779,2.1801069,63703,43.8,6.17,0.15,6.31
352,Sants-Montjuïc,41.363279,2.1341586,63216,26.7,0.95,5.26,6.29
266,Sant Andreu,41.427591,2.183966,64131,26.8,6.23,0.05,6.29
155,Sant Martí,41.4070139,2.2074469,64053,30.2,2.15,4.0,6.15
447,Eixample,41.3943033,2.1860256,64060,25.3,2.98,3.02,6.01
43,Sant Martí,41.4063864,2.1874404,64070,24.7,4.91,1.05,5.98
449,Sant Martí,41.4058109,2.1949461,64094,24.5,3.15,2.68,5.93
145,Sant Martí,41.4093405,2.2024461,64081,25.9,2.88,3.04,5.92
248,Sant Andreu,41.4182129,2.1904005,64154,26.2,5.59,0.32,5.91
170,Sant Martí,41.3896642,2.1999572,63318,52.3,2.21,3.49,5.72
131,Sant Martí,41.42284,2.20603,64134,26.4,1.84,3.85,5.7
249,Sant Andreu,41.4250835,2.1872818,64111,24.4,4.95,0.73,5.69
257,Sant Andreu,41.433934,2.1896502,63980,22.6,4.06,1.43,5.52
8,Ciutat Vella,41.389135,2.183489,63419,25.2,2.31,3.18,5.5
340,Sant Andreu,41.4361782,2.2047037,63888,22.5,0.45,4.85,5.43
146,Sant Martí,41.4148983,2.207186,64069,22.1,1.27,4.07,5.36
137,Sant Martí,41.4145805,2.2008139,64074,23.5,4.19,1.08,5.28
237,Sants-Montjuïc,41.3727426,2.1539198,63560,25.7,3.91,1.3,5.22
345,Sants-Montjuïc,41.3631066,2.1398322,64008,30.9,0.41,4.77,5.18
391,Sant Andreu,41.4230551,2.1913753,63724,25.5,4.09,1.05,5.17
176,Sant Martí,41.403216,2.2136,63557,29.9,0.38,4.75,5.13
351,Sants-Montjuïc,41.3621232,2.1356187,64161,32.2,0.35,4.59,4.99
253,Sant Andreu,41.4298614,2.1922011,64180,26.0,3.47,1.52,4.98
259,Sant Andreu,41.4391174,2.1858025,64141,22.7,3.99,0.93,4.92
423,Sant Andreu,41.4202459,2.1894852,64015,30.0,4.57,0.33,4.9
119,Eixample,41.3967169,2.1825085,64084,36.8,4.16,0.66,4.86
175,Sant Martí,41.4065291,2.2091221,64100,25.7,1.66,3.16,4.83
289,Sant Andreu,41.4166982,2.1909952,64121,26.0,4.06,0.6,4.74
263,Sant Andreu,41.4378773,2.1910691,63980,18.9,2.63,2.01,4.66
414,Eixample,41.3937234,2.1764275,64004,30.6,3.72,0.7,4.63
5,Ciutat Vella,41.3911035,2.1801763,62698,37.9,4.2,0.34,4.54
418,Ciutat Vella,41.391062,2.1801142,63414,25.3,3.02,1.48,4.51
147,Sant Martí,41.416043,2.2124993,63885,31.3,1.14,3.08,4.5
52,Ciutat Vella,41.381708,2.177292,63812,28.9,2.06,2.4,4.46
346,Sants-Montjuïc,41.360798,2.138931,63870,34.1,0.24,4.19,4.43
274,Sant Andreu,41.4299201,2.1849813,64062,30.4,4.08,0.28,4.38
317,Sant Martí,41.4256626,2.2008632,64120,25.3,1.09,2.86,4.32
457,Sant Andreu,41.4383117,2.2039823,63636,17.6,0.49,3.81,4.3
136,Sant Martí,41.4139298,2.2017955,63944,29.2,2.47,1.79,4.26
426,Eixample,41.39828,2.1830315,64119,30.7,3.8,0.42,4.22
128,Sant Martí,41.4158412,2.1959771,64035,40.3,2.08,1.89,4.18
35,Sant Martí,41.4134833,2.2206913,63734,47.8,0.57,3.57,4.18
372,Eixample,41.4001015,2.1841711,64139,25.5,2.51,1.66,4.17
272,Sant Andreu,41.4325013,2.1842021,63982,25.7,3.8,0.29,4.16
419,Ciutat Vella,41.391313,2.1808391,63089,31.7,1.68,2.48,4.16
515,Sant Andreu,41.4352071,2.1948002,63957,23.1,3.54,0.61,4.16
6,Ciutat Vella,41.3914292,2.1805685,62972,37.5,3.49,0.64,4.15
252,Sant Andreu,41.4298991,2.1932159,64059,31.3,1.72,2.4,4.12
347,Sants-Montjuïc,41.3595484,2.1417765,64052,31.0,0.29,3.83,4.12
377,Ciutat Vella,41.3776292,2.1836886,64155,28.3,1.0,3.1,4.1
389,Ciutat Vella,41.3873901,2.1875446,63750,26.6,1.14,2.88,4.03
180,Sants-Montjuïc,41.3675574,2.1388216,63797,48.2,0.35,3.54,3.97
139,Sant Martí,41.4183999,2.2058133,64024,33.9,3.08,0.83,3.91
517,Nou Barris,41.462095,2.178959,63883,19.1,0.49,3.32,3.83
141,Sant Martí,41.4090202,2.1954152,64141,30.3,2.7,1.1,3.8
349,Sants-Montjuïc,41.3573288,2.1371996,63699,31.3,0.72,2.96,3.69
343,Sant Andreu,41.4389609,2.1996179,64089,25.6,0.5,3.05,3.56
17,Eixample,41.3982615,2.1866517,64095,40.1,1.25,2.19,3.44
450,Sant Martí,41.410712,2.2061691,64133,26.1,0.69,2.63,3.32
516,Sant Andreu,41.4354601,2.2001569,64129,20.2,0.49,2.83,3.32
381,Ciutat Vella,41.381635534627,2.16772946686476,63554,38.9,0.78,2.45,3.28
269,Sant Andreu,41.448152,2.19294,63910,21.3,2.4,0.45,2.89
258,Sant Andreu,41.4419866639024,2.19295764171618,64012,25.9,2.56,0.29,2.87
260,Sant Andreu,41.4356895,2.1920873,63635,25.6,1.46,1.38,2.83
270,Sant Andreu,41.4486328,2.1898372,64138,26.3,2.73,0.06,2.79
437,Sants-Montjuïc,41.3513237,2.1450958,63879,35.3,0.35,2.23,2.66
565,Sant Andreu,41.4321492376238,2.20548960446323,6085,26.1,1.33,1.33,2.66
341,Sant Andreu,41.4339212,2.2062245,64162,26.0,0.14,2.28,2.42
264,Sant Andreu,41.4381892,2.1953884,64023,31.6,0.84,1.47,2.31
344,Sant Andreu,41.4431441,2.1996045,63863,26.3,0.69,1.41,2.11
267,Sant Andreu,41.4433647,2.1906302,64006,23.3,1.54,0.5,2.04
58,Ciutat Vella,41.3845757386794,2.16626169311522,63485,36.2,1.01,0.87,2.03
271,Sant Andreu,41.45137,2.1922985,64087,19.3,1.62,0.34,1.97
256,Sant Andreu,41.4361251,2.1894423,64124,30.4,0.87,0.92,1.79
268,Sant Andreu,41.4457195,2.1929816,64059,26.6,1.19,0.22,1.42
452,Sant Martí,41.4194972,2.20934,63976,52.4,0.46,0.83,1.29
458,Sant Andreu,41.4457962,2.2010422,64116,23.6,0.4,0.69,1.09
541,Sants-Montjuïc,41.3614158,2.1476169,22656,25.9,0.86,0.04,0.93
459,Sant Andreu,41.4479402,2.1976757,64120,33.3,0.4,0.3,0.7
10,Sants-Montjuïc,41.3467746,2.1436235,64113,42.4,0.41,0.19,0.6
542,Ciutat Vella,41.3745380911102,2.18921691326618,142,297.0,0.0,0.0,0.0
543,Ciutat Vella,41.3838298564072,2.19137099384841,150,297.0,0.0,0.0,0.0
